-- Created in 2018.06.03 by polarbears
-- Copyright (c) 20xx, CHINA and/or affiliates.
-- All rights reserved.
--	Name:
-- 		load_data.sql
--	Description:
-- 		加载数据库归档系统相关表数据
--  Relation:
--      对象关联
--	Notes:
--		基本注意事项
--	修改 - （年-月-日） - 描述
--

SET DEFINE OFF;
/*==============================================================*/
/* Table: ARC_APPLACTION_SYSTEM_DICT                            */
/*==============================================================*/
Insert into ZOEARCHIVE.ARC_APPLACTION_SYSTEM_DICT (SYSTEM_CODE,SYSTEM_NAME) values ('1','HIS');
Insert into ZOEARCHIVE.ARC_APPLACTION_SYSTEM_DICT (SYSTEM_CODE,SYSTEM_NAME) values ('2','电子病历');

/*==============================================================*/
/* Table: ARC_DATA_TYPE_DICT                                    */
/*==============================================================*/
Insert into ZOEARCHIVE.ARC_DATA_TYPE_DICT (DATE_TYPE_CODE,DATE_TYPE_NAME) values ('1','日志数据');
Insert into ZOEARCHIVE.ARC_DATA_TYPE_DICT (DATE_TYPE_CODE,DATE_TYPE_NAME) values ('2','业务数据');

/*==============================================================*/
/* Table: ARC_OBJECT_INFO                                       */
/*==============================================================*/
Insert into ZOEARCHIVE.ARC_OBJECT_INFO (OWNER,TABLE_NAME,TABLE_CHN_NAME,APPLICATION_SYSTEM_CODE,DATA_TYPE_CODE,PROOF_CODE) values ('COMM','APPLY_SHEET_DETAIL','单据细表','1','2','7E2EC2466637C010F558319DE3C1A495F5834055');
Insert into ZOEARCHIVE.ARC_OBJECT_INFO (OWNER,TABLE_NAME,TABLE_CHN_NAME,APPLICATION_SYSTEM_CODE,DATA_TYPE_CODE,PROOF_CODE) values ('COMM','APPLY_SHEET','单据主表','1','2','5339DBA63DB608F2FECE0A9588786137A8A1F2DF');
Insert into ZOEARCHIVE.ARC_OBJECT_INFO (OWNER,TABLE_NAME,TABLE_CHN_NAME,APPLICATION_SYSTEM_CODE,DATA_TYPE_CODE,PROOF_CODE) values ('PHYSIC','LAY_PHYSIC_RECORDS','摆药记录表','1','2','F4FC2FB2D455969A4529F5F1DAAADF703E38E524');
Insert into ZOEARCHIVE.ARC_OBJECT_INFO (OWNER,TABLE_NAME,TABLE_CHN_NAME,APPLICATION_SYSTEM_CODE,DATA_TYPE_CODE,PROOF_CODE) values ('OUTPSICK','DISPENSARY_PRESCRIBE_DETAIL','门诊处方细表','1','2','2C3448C26DE649D78FC74CDB504F34FB8B9B4C45');
Insert into ZOEARCHIVE.ARC_OBJECT_INFO (OWNER,TABLE_NAME,TABLE_CHN_NAME,APPLICATION_SYSTEM_CODE,DATA_TYPE_CODE,PROOF_CODE) values ('OUTPSICK','DISPENSARY_PRESCRIP_MASTER','门诊处方主表','1','2','84BB167CAA56229A369C694EC1D75B5BDC6ECD2F');
Insert into ZOEARCHIVE.ARC_OBJECT_INFO (OWNER,TABLE_NAME,TABLE_CHN_NAME,APPLICATION_SYSTEM_CODE,DATA_TYPE_CODE,PROOF_CODE) values ('OUTPSICK','DISPENSARY_SICK_PRICE_ITEM','门诊费用明细','1','2','506FD18E63249F0F8BD83B911B52004D30ADE77A');
Insert into ZOEARCHIVE.ARC_OBJECT_INFO (OWNER,TABLE_NAME,TABLE_CHN_NAME,APPLICATION_SYSTEM_CODE,DATA_TYPE_CODE,PROOF_CODE) values ('INPSICK','PRESCRIBE_RECORD','住院医嘱表','1','2','D3E4FBF6E02E9EBE42A530FC817BB154C1379E52');
Insert into ZOEARCHIVE.ARC_OBJECT_INFO (OWNER,TABLE_NAME,TABLE_CHN_NAME,APPLICATION_SYSTEM_CODE,DATA_TYPE_CODE,PROOF_CODE) values ('INPSICK','RESIDENCE_SICK_PRICE_ITEM','住院费用明细','1','2','046299A6CF4F90E2FFDF0E932A65ED78E7E024A0');
Insert into ZOEARCHIVE.ARC_OBJECT_INFO (OWNER,TABLE_NAME,TABLE_CHN_NAME,APPLICATION_SYSTEM_CODE,DATA_TYPE_CODE,PROOF_CODE) values ('COMM','PREPAYMENT_MONEY','预交金记录表','1','2','A96453F602092CC3F22B8F4E995C17B668D5E771');
Insert into ZOEARCHIVE.ARC_OBJECT_INFO (OWNER,TABLE_NAME,TABLE_CHN_NAME,APPLICATION_SYSTEM_CODE,DATA_TYPE_CODE,PROOF_CODE) values ('INPSICK','SICK_SETTLE_DETAIL','结算细表','1','2','13827035CEAF8FA5955C8026B9E84BF1BB53DBB0');
Insert into ZOEARCHIVE.ARC_OBJECT_INFO (OWNER,TABLE_NAME,TABLE_CHN_NAME,APPLICATION_SYSTEM_CODE,DATA_TYPE_CODE,PROOF_CODE) values ('INPSICK','SICK_SETTLE_MASTER','结算主表','1','2','13BD2B64990B3DA73D23D9BA03F6281AD437C68A');

/*==============================================================*/
/* Table: ARC_PROCESS_TASK                                       */
/*==============================================================*/
Insert into ZOEARCHIVE.ARC_PROCESS_TASK (TASK_ID,TASK_NAME,TASK_DESC) values (1,'门诊已结算病人归档处理bySettleNO',null);
Insert into ZOEARCHIVE.ARC_PROCESS_TASK (TASK_ID,TASK_NAME,TASK_DESC) values (2,'住院正常出院结算病人归档处理',null);
Insert into ZOEARCHIVE.ARC_PROCESS_TASK (TASK_ID,TASK_NAME,TASK_DESC) values (3,'门诊已结算病人归档处理bySickID',null);

/*==============================================================*/
/* Table: ARC_PROCESS_TASK_PARAM                                    */
/*==============================================================*/
Insert into ZOEARCHIVE.ARC_PROCESS_TASK_PARAM (TASK_ID,PARAM_NAME,PARAM_VALUE,MEMO) values ('0','RUN_STOP_TIME',null,'运行停止时间');
Insert into ZOEARCHIVE.ARC_PROCESS_TASK_PARAM (TASK_ID,PARAM_NAME,PARAM_VALUE,MEMO) values ('0','RUN_TIME_BEGIN','18:00:00','允许运行开始时间点');
Insert into ZOEARCHIVE.ARC_PROCESS_TASK_PARAM (TASK_ID,PARAM_NAME,PARAM_VALUE,MEMO) values ('0','RUN_TIME_END','06:00:00','允许运行结束时间点');
Insert into ZOEARCHIVE.ARC_PROCESS_TASK_PARAM (TASK_ID,PARAM_NAME,PARAM_VALUE,MEMO) values ('1','ARCHIVE_DATE','2016-01-01','归档日期');
Insert into ZOEARCHIVE.ARC_PROCESS_TASK_PARAM (TASK_ID,PARAM_NAME,PARAM_VALUE,MEMO) values ('1','DB_LINK','zoedblink_hisarch','HIS归档数据库链路');
Insert into ZOEARCHIVE.ARC_PROCESS_TASK_PARAM (TASK_ID,PARAM_NAME,PARAM_VALUE,MEMO) values ('1','LAUNCH_DATE','2008-08-18','HIS系统门诊上线日期');
Insert into ZOEARCHIVE.ARC_PROCESS_TASK_PARAM (TASK_ID,PARAM_NAME,PARAM_VALUE,MEMO) values ('2','ARCHIVE_DATE','2016-01-01','归档日期');
Insert into ZOEARCHIVE.ARC_PROCESS_TASK_PARAM (TASK_ID,PARAM_NAME,PARAM_VALUE,MEMO) values ('2','DB_LINK','zoedblink_hisarch','HIS归档数据库链路');
Insert into ZOEARCHIVE.ARC_PROCESS_TASK_PARAM (TASK_ID,PARAM_NAME,PARAM_VALUE,MEMO) values ('2','LAUNCH_DATE','2008-08-18','HIS系统住院上线日期');
Insert into ZOEARCHIVE.ARC_PROCESS_TASK_PARAM (TASK_ID,PARAM_NAME,PARAM_VALUE,MEMO) values ('3','ARCHIVE_DATE','2016-01-01','归档日期');
Insert into ZOEARCHIVE.ARC_PROCESS_TASK_PARAM (TASK_ID,PARAM_NAME,PARAM_VALUE,MEMO) values ('3','DB_LINK','zoedblink_hisarch','HIS归档数据库链路');
Insert into ZOEARCHIVE.ARC_PROCESS_TASK_PARAM (TASK_ID,PARAM_NAME,PARAM_VALUE,MEMO) values ('3','LAUNCH_DATE','2008-08-18','HIS系统门诊上线日期');

/*==============================================================*/
/* Table: ARC_PROCESS_TASK_DATA_KEY                                       */
/*==============================================================*/
Insert into ZOEARCHIVE.ARC_PROCESS_TASK_DATA_KEY (TASK_ID,KEY_SEQ,KEY_NAME) values (2,'1','SICK_ID');
Insert into ZOEARCHIVE.ARC_PROCESS_TASK_DATA_KEY (TASK_ID,KEY_SEQ,KEY_NAME) values (2,'2','VISIT_NUMBER');
Insert into ZOEARCHIVE.ARC_PROCESS_TASK_DATA_KEY (TASK_ID,KEY_SEQ,KEY_NAME) values (2,'3','RESIDENCE_NO');
Insert into ZOEARCHIVE.ARC_PROCESS_TASK_DATA_KEY (TASK_ID,KEY_SEQ,KEY_NAME) values (1,'1','SETTLE_NO');
Insert into ZOEARCHIVE.ARC_PROCESS_TASK_DATA_KEY (TASK_ID,KEY_SEQ,KEY_NAME) values (3,'1','SICK_ID');
Insert into ZOEARCHIVE.ARC_PROCESS_TASK_DATA_KEY (TASK_ID,KEY_SEQ,KEY_NAME) values (3,'2','VISIT_NUMBER');

/*==============================================================*/
/* Table: ARC_PROCESS_TASK_CONFIG                                       */
/*==============================================================*/
Insert into ZOEARCHIVE.ARC_PROCESS_TASK_CONFIG (TASK_ID,TABLE_OWNER,TABLE_NAME,ARCHIVE_TABLE_OWNER,ARCHIVE_TABLE_NAME,DETAIL_TABLE_FLAG,RELATE_MASTER_TABLE_NAME,RELATE_MASTER_TABLE_COLUMN,RELATE_DETAIL_TABLE_COLUMN,ARCHIVE_DATE_COLUMN,ARCHIVE_CONDITION_C1,ARCHIVE_CONDITION_C2,PROCESS_ORDER,ARCHIVE_TABLE_C1,ARCHIVE_TABLE_C2) values (1,'COMM','PREPAYMENT_MONEY','ZOEARCHIVE','PREPAYMENT_MONEY_A',null,null,null,null,'SETTLE_DATE','SETTLE_NO',null,6,'SETTLE_RECEIPT_NO',null);
Insert into ZOEARCHIVE.ARC_PROCESS_TASK_CONFIG (TASK_ID,TABLE_OWNER,TABLE_NAME,ARCHIVE_TABLE_OWNER,ARCHIVE_TABLE_NAME,DETAIL_TABLE_FLAG,RELATE_MASTER_TABLE_NAME,RELATE_MASTER_TABLE_COLUMN,RELATE_DETAIL_TABLE_COLUMN,ARCHIVE_DATE_COLUMN,ARCHIVE_CONDITION_C1,ARCHIVE_CONDITION_C2,PROCESS_ORDER,ARCHIVE_TABLE_C1,ARCHIVE_TABLE_C2) values (1,'OUTPSICK','DISPENSARY_SICK_PRICE_ITEM','ZOEARCHIVE','DISPENSARY_SICK_PRICE_ITEM_A',null,null,null,null,'OPERATION_TIME','SETTLE_NO',null,7,'SETTLE_NO',null);
Insert into ZOEARCHIVE.ARC_PROCESS_TASK_CONFIG (TASK_ID,TABLE_OWNER,TABLE_NAME,ARCHIVE_TABLE_OWNER,ARCHIVE_TABLE_NAME,DETAIL_TABLE_FLAG,RELATE_MASTER_TABLE_NAME,RELATE_MASTER_TABLE_COLUMN,RELATE_DETAIL_TABLE_COLUMN,ARCHIVE_DATE_COLUMN,ARCHIVE_CONDITION_C1,ARCHIVE_CONDITION_C2,PROCESS_ORDER,ARCHIVE_TABLE_C1,ARCHIVE_TABLE_C2) values (1,'INPSICK','SICK_SETTLE_DETAIL','ZOEARCHIVE','SICK_SETTLE_DETAIL_A','1','SICK_SETTLE_MASTER','SETTLE_NO','SETTLE_NO','SETTLE_DATE','SETTLE_NO',null,8,'SETTLE_NO',null);
Insert into ZOEARCHIVE.ARC_PROCESS_TASK_CONFIG (TASK_ID,TABLE_OWNER,TABLE_NAME,ARCHIVE_TABLE_OWNER,ARCHIVE_TABLE_NAME,DETAIL_TABLE_FLAG,RELATE_MASTER_TABLE_NAME,RELATE_MASTER_TABLE_COLUMN,RELATE_DETAIL_TABLE_COLUMN,ARCHIVE_DATE_COLUMN,ARCHIVE_CONDITION_C1,ARCHIVE_CONDITION_C2,PROCESS_ORDER,ARCHIVE_TABLE_C1,ARCHIVE_TABLE_C2) values (1,'INPSICK','SICK_SETTLE_MASTER','ZOEARCHIVE','SICK_SETTLE_MASTER_A',null,null,null,null,'SETTLE_DATE','SETTLE_NO',null,9,'SETTLE_NO',null);
Insert into ZOEARCHIVE.ARC_PROCESS_TASK_CONFIG (TASK_ID,TABLE_OWNER,TABLE_NAME,ARCHIVE_TABLE_OWNER,ARCHIVE_TABLE_NAME,DETAIL_TABLE_FLAG,RELATE_MASTER_TABLE_NAME,RELATE_MASTER_TABLE_COLUMN,RELATE_DETAIL_TABLE_COLUMN,ARCHIVE_DATE_COLUMN,ARCHIVE_CONDITION_C1,ARCHIVE_CONDITION_C2,PROCESS_ORDER,ARCHIVE_TABLE_C1,ARCHIVE_TABLE_C2) values (2,'COMM','APPLY_SHEET_DETAIL','ZOEARCHIVE','APPLY_SHEET_DETAIL_A','1','APPLY_SHEET','APPLY_NO','APPLY_NO','APPLY_TIME','SICK_ID','VISIT_NUMBER',1,'SICK_ID','VISIT_NUMBER');
Insert into ZOEARCHIVE.ARC_PROCESS_TASK_CONFIG (TASK_ID,TABLE_OWNER,TABLE_NAME,ARCHIVE_TABLE_OWNER,ARCHIVE_TABLE_NAME,DETAIL_TABLE_FLAG,RELATE_MASTER_TABLE_NAME,RELATE_MASTER_TABLE_COLUMN,RELATE_DETAIL_TABLE_COLUMN,ARCHIVE_DATE_COLUMN,ARCHIVE_CONDITION_C1,ARCHIVE_CONDITION_C2,PROCESS_ORDER,ARCHIVE_TABLE_C1,ARCHIVE_TABLE_C2) values (2,'COMM','APPLY_SHEET','ZOEARCHIVE','APPLY_SHEET_A',null,null,null,null,'APPLY_TIME','SICK_ID','VISIT_NUMBER',2,'SICK_ID','VISIT_NUMBER');
Insert into ZOEARCHIVE.ARC_PROCESS_TASK_CONFIG (TASK_ID,TABLE_OWNER,TABLE_NAME,ARCHIVE_TABLE_OWNER,ARCHIVE_TABLE_NAME,DETAIL_TABLE_FLAG,RELATE_MASTER_TABLE_NAME,RELATE_MASTER_TABLE_COLUMN,RELATE_DETAIL_TABLE_COLUMN,ARCHIVE_DATE_COLUMN,ARCHIVE_CONDITION_C1,ARCHIVE_CONDITION_C2,PROCESS_ORDER,ARCHIVE_TABLE_C1,ARCHIVE_TABLE_C2) values (2,'PHYSIC','LAY_PHYSIC_RECORDS','ZOEARCHIVE','LAY_PHYSIC_RECORDS_A',null,null,null,null,'LAY_PHYSIC_TIME','SICK_ID','VISIT_NUMBER',3,'SICK_ID','VISIT_NUMBER');
Insert into ZOEARCHIVE.ARC_PROCESS_TASK_CONFIG (TASK_ID,TABLE_OWNER,TABLE_NAME,ARCHIVE_TABLE_OWNER,ARCHIVE_TABLE_NAME,DETAIL_TABLE_FLAG,RELATE_MASTER_TABLE_NAME,RELATE_MASTER_TABLE_COLUMN,RELATE_DETAIL_TABLE_COLUMN,ARCHIVE_DATE_COLUMN,ARCHIVE_CONDITION_C1,ARCHIVE_CONDITION_C2,PROCESS_ORDER,ARCHIVE_TABLE_C1,ARCHIVE_TABLE_C2) values (2,'INPSICK','PRESCRIBE_RECORD','ZOEARCHIVE','PRESCRIBE_RECORD_A',null,null,null,null,'ENTER_TIME','SICK_ID','VISIT_NUMBER',4,'SICK_ID','VISIT_NUMBER');
Insert into ZOEARCHIVE.ARC_PROCESS_TASK_CONFIG (TASK_ID,TABLE_OWNER,TABLE_NAME,ARCHIVE_TABLE_OWNER,ARCHIVE_TABLE_NAME,DETAIL_TABLE_FLAG,RELATE_MASTER_TABLE_NAME,RELATE_MASTER_TABLE_COLUMN,RELATE_DETAIL_TABLE_COLUMN,ARCHIVE_DATE_COLUMN,ARCHIVE_CONDITION_C1,ARCHIVE_CONDITION_C2,PROCESS_ORDER,ARCHIVE_TABLE_C1,ARCHIVE_TABLE_C2) values (2,'COMM','PREPAYMENT_MONEY','ZOEARCHIVE','PREPAYMENT_MONEY_A',null,null,null,null,'SETTLE_DATE','SICK_ID','VISIT_NUMBER',5,'SICK_ID','VISIT_NUMBER');
Insert into ZOEARCHIVE.ARC_PROCESS_TASK_CONFIG (TASK_ID,TABLE_OWNER,TABLE_NAME,ARCHIVE_TABLE_OWNER,ARCHIVE_TABLE_NAME,DETAIL_TABLE_FLAG,RELATE_MASTER_TABLE_NAME,RELATE_MASTER_TABLE_COLUMN,RELATE_DETAIL_TABLE_COLUMN,ARCHIVE_DATE_COLUMN,ARCHIVE_CONDITION_C1,ARCHIVE_CONDITION_C2,PROCESS_ORDER,ARCHIVE_TABLE_C1,ARCHIVE_TABLE_C2) values (2,'INPSICK','RESIDENCE_SICK_PRICE_ITEM','ZOEARCHIVE','RESIDENCE_SICK_PRICE_ITEM_A',null,null,null,null,'OPERATION_TIME','SICK_ID','VISIT_NUMBER',6,'SICK_ID','VISIT_NUMBER');
Insert into ZOEARCHIVE.ARC_PROCESS_TASK_CONFIG (TASK_ID,TABLE_OWNER,TABLE_NAME,ARCHIVE_TABLE_OWNER,ARCHIVE_TABLE_NAME,DETAIL_TABLE_FLAG,RELATE_MASTER_TABLE_NAME,RELATE_MASTER_TABLE_COLUMN,RELATE_DETAIL_TABLE_COLUMN,ARCHIVE_DATE_COLUMN,ARCHIVE_CONDITION_C1,ARCHIVE_CONDITION_C2,PROCESS_ORDER,ARCHIVE_TABLE_C1,ARCHIVE_TABLE_C2) values (2,'INPSICK','SICK_SETTLE_DETAIL','ZOEARCHIVE','SICK_SETTLE_DETAIL_A','1','SICK_SETTLE_MASTER','SETTLE_NO','SETTLE_NO','SETTLE_DATE','SICK_ID','RESIDENCE_NO',7,'SICK_ID','RESIDENCE_NO');
Insert into ZOEARCHIVE.ARC_PROCESS_TASK_CONFIG (TASK_ID,TABLE_OWNER,TABLE_NAME,ARCHIVE_TABLE_OWNER,ARCHIVE_TABLE_NAME,DETAIL_TABLE_FLAG,RELATE_MASTER_TABLE_NAME,RELATE_MASTER_TABLE_COLUMN,RELATE_DETAIL_TABLE_COLUMN,ARCHIVE_DATE_COLUMN,ARCHIVE_CONDITION_C1,ARCHIVE_CONDITION_C2,PROCESS_ORDER,ARCHIVE_TABLE_C1,ARCHIVE_TABLE_C2) values (2,'INPSICK','SICK_SETTLE_MASTER','ZOEARCHIVE','SICK_SETTLE_MASTER_A',null,null,null,null,'SETTLE_DATE','SICK_ID','RESIDENCE_NO',8,'SICK_ID','RESIDENCE_NO');
Insert into ZOEARCHIVE.ARC_PROCESS_TASK_CONFIG (TASK_ID,TABLE_OWNER,TABLE_NAME,ARCHIVE_TABLE_OWNER,ARCHIVE_TABLE_NAME,DETAIL_TABLE_FLAG,RELATE_MASTER_TABLE_NAME,RELATE_MASTER_TABLE_COLUMN,RELATE_DETAIL_TABLE_COLUMN,ARCHIVE_DATE_COLUMN,ARCHIVE_CONDITION_C1,ARCHIVE_CONDITION_C2,PROCESS_ORDER,ARCHIVE_TABLE_C1,ARCHIVE_TABLE_C2) values (3,'COMM','APPLY_SHEET_DETAIL','ZOEARCHIVE','APPLY_SHEET_DETAIL_A','1','APPLY_SHEET','APPLY_NO','APPLY_NO','APPLY_TIME','SICK_ID','VISIT_NUMBER',1,'SICK_ID','VISIT_NUMBER');
Insert into ZOEARCHIVE.ARC_PROCESS_TASK_CONFIG (TASK_ID,TABLE_OWNER,TABLE_NAME,ARCHIVE_TABLE_OWNER,ARCHIVE_TABLE_NAME,DETAIL_TABLE_FLAG,RELATE_MASTER_TABLE_NAME,RELATE_MASTER_TABLE_COLUMN,RELATE_DETAIL_TABLE_COLUMN,ARCHIVE_DATE_COLUMN,ARCHIVE_CONDITION_C1,ARCHIVE_CONDITION_C2,PROCESS_ORDER,ARCHIVE_TABLE_C1,ARCHIVE_TABLE_C2) values (3,'COMM','APPLY_SHEET','ZOEARCHIVE','APPLY_SHEET_A',null,null,null,null,'APPLY_TIME','SICK_ID','VISIT_NUMBER',2,'SICK_ID','VISIT_NUMBER');
Insert into ZOEARCHIVE.ARC_PROCESS_TASK_CONFIG (TASK_ID,TABLE_OWNER,TABLE_NAME,ARCHIVE_TABLE_OWNER,ARCHIVE_TABLE_NAME,DETAIL_TABLE_FLAG,RELATE_MASTER_TABLE_NAME,RELATE_MASTER_TABLE_COLUMN,RELATE_DETAIL_TABLE_COLUMN,ARCHIVE_DATE_COLUMN,ARCHIVE_CONDITION_C1,ARCHIVE_CONDITION_C2,PROCESS_ORDER,ARCHIVE_TABLE_C1,ARCHIVE_TABLE_C2) values (3,'PHYSIC','LAY_PHYSIC_RECORDS','ZOEARCHIVE','LAY_PHYSIC_RECORDS_A',null,null,null,null,'LAY_PHYSIC_TIME','SICK_ID','VISIT_NUMBER',3,'SICK_ID','VISIT_NUMBER');
Insert into ZOEARCHIVE.ARC_PROCESS_TASK_CONFIG (TASK_ID,TABLE_OWNER,TABLE_NAME,ARCHIVE_TABLE_OWNER,ARCHIVE_TABLE_NAME,DETAIL_TABLE_FLAG,RELATE_MASTER_TABLE_NAME,RELATE_MASTER_TABLE_COLUMN,RELATE_DETAIL_TABLE_COLUMN,ARCHIVE_DATE_COLUMN,ARCHIVE_CONDITION_C1,ARCHIVE_CONDITION_C2,PROCESS_ORDER,ARCHIVE_TABLE_C1,ARCHIVE_TABLE_C2) values (3,'OUTPSICK','DISPENSARY_PRESCRIBE_DETAIL','ZOEARCHIVE','DISPENSARY_PRESCRIBE_DETAIL_A','1','DISPENSARY_PRESCRIP_MASTER','PRESCRIPTION_NUMBER','PRESCRIPTION_NUMBER','WRITE_TIME','SICK_ID',null,4,'SICK_ID',null);
Insert into ZOEARCHIVE.ARC_PROCESS_TASK_CONFIG (TASK_ID,TABLE_OWNER,TABLE_NAME,ARCHIVE_TABLE_OWNER,ARCHIVE_TABLE_NAME,DETAIL_TABLE_FLAG,RELATE_MASTER_TABLE_NAME,RELATE_MASTER_TABLE_COLUMN,RELATE_DETAIL_TABLE_COLUMN,ARCHIVE_DATE_COLUMN,ARCHIVE_CONDITION_C1,ARCHIVE_CONDITION_C2,PROCESS_ORDER,ARCHIVE_TABLE_C1,ARCHIVE_TABLE_C2) values (3,'OUTPSICK','DISPENSARY_PRESCRIP_MASTER','ZOEARCHIVE','DISPENSARY_PRESCRIP_MASTER_A',null,null,null,null,'WRITE_TIME','SICK_ID',null,5,'SICK_ID',null);

COMMIT;
